{"Socialinfluence": {"ilaito_": {"Politics": 0.0, "Socialinfluence": 0.2, "Technology": 0.0, "Feminism": 0.0, "Health": 0.0}, "Callejabmary": {"Politics": 0.07246376811594203, "Socialinfluence": 1.0, "Technology": 0.9615384615384616, "Feminism": 0.13569321533923304, "Health": 0.0}}, "Technology": {"DominemoslasTIC": {"Politics": 0.0, "Socialinfluence": 0.2, "Technology": 0.9615384615384616, "Feminism": 0.13569321533923304, "Health": 0.0}, "O_edipus": {"Politics": 0.0, "Socialinfluence": 0.0, "Technology": 0.9615384615384616, "Feminism": 0.13569321533923304, "Health": 0.0}, "Earwen_lr": {"Politics": 0.30434782608695654, "Socialinfluence": 0.0, "Technology": 1.0, "Feminism": 0.14749262536873156, "Health": 0.0}, "ogunte": {"Politics": 0.07246376811594203, "Socialinfluence": 0.30000000000000004, "Technology": 1.0, "Feminism": 0.13569321533923304, "Health": 0.0}, "MasculinismoEsp": {"Politics": 0.07246376811594203, "Socialinfluence": 0.4, "Technology": 1.0, "Feminism": 0.13569321533923304, "Health": 0.0}, "VenancioGalan": {"Politics": 0.07246376811594203, "Socialinfluence": 0.6000000000000001, "Technology": 1.0, "Feminism": 0.13569321533923304, "Health": 0.0}, "mujerporlapaz": {"Politics": 0.10144927536231885, "Socialinfluence": 0.8, "Technology": 1.0, "Feminism": 0.14749262536873156, "Health": 0.0}, "DuroBelinda": {"Politics": 0.10144927536231885, "Socialinfluence": 0.9, "Technology": 1.0, "Feminism": 0.14749262536873156, "Health": 0.0}, "Machitsen": {"Politics": 0.10144927536231885, "Socialinfluence": 0.2, "Technology": 1.0, "Feminism": 0.14749262536873156, "Health": 0.0}, "visionmxli": {"Politics": 0.30434782608695654, "Socialinfluence": 0.2, "Technology": 1.0, "Feminism": 0.14749262536873156, "Health": 0.0}, "MomoDice": {"Politics": 0.30434782608695654, "Socialinfluence": 0.5, "Technology": 1.0, "Feminism": 0.14749262536873156, "Health": 0.0}, "jchernandezqui2": {"Politics": 0.30434782608695654, "Socialinfluence": 0.5, "Technology": 1.0, "Feminism": 0.14749262536873156, "Health": 0.0}, "MujeresFemBot": {"Politics": 0.30434782608695654, "Socialinfluence": 0.7000000000000001, "Technology": 1.0, "Feminism": 0.14749262536873156, "Health": 0.0}, "ParenElPlaneta": {"Politics": 0.30434782608695654, "Socialinfluence": 0.5, "Technology": 1.0, "Feminism": 0.14749262536873156, "Health": 0.0}, "ZonaSegPuebla": {"Politics": 0.30434782608695654, "Socialinfluence": 0.6000000000000001, "Technology": 1.0, "Feminism": 0.14749262536873156, "Health": 0.0}, "Jesus_Silva_R": {"Politics": 0.30434782608695654, "Socialinfluence": 0.8, "Technology": 1.0, "Feminism": 0.14749262536873156, "Health": 0.0}, "carmenk18": {"Politics": 0.36231884057971014, "Socialinfluence": 0.30000000000000004, "Technology": 1.0, "Feminism": 0.14749262536873156, "Health": 0.0}, "NOmasVG": {"Politics": 0.36231884057971014, "Socialinfluence": 0.5, "Technology": 1.0, "Feminism": 1.0, "Health": 0.0}, "FRIDAfund": {"Politics": 0.36231884057971014, "Socialinfluence": 0.9, "Technology": 1.0, "Feminism": 1.0, "Health": 0.0}, "Ana_Bunker": {"Politics": 0.4927536231884058, "Socialinfluence": 0.8, "Technology": 1.0, "Feminism": 1.0, "Health": 0.0}, "sinfucio13": {"Politics": 0.4927536231884058, "Socialinfluence": 0.1, "Technology": 1.0, "Feminism": 1.0, "Health": 0.0}, "JoZurBay": {"Politics": 0.4927536231884058, "Socialinfluence": 0.8, "Technology": 1.0, "Feminism": 0.18584070796460178, "Health": 0.0}, "Mujeres__Fem": {"Politics": 0.4927536231884058, "Socialinfluence": 0.8, "Technology": 1.0, "Feminism": 0.18584070796460178, "Health": 0.0}, "AinhoaEzquiaga": {"Politics": 0.4927536231884058, "Socialinfluence": 0.30000000000000004, "Technology": 1.0, "Feminism": 0.18584070796460178, "Health": 0.0}, "generoUPN": {"Politics": 0.4492753623188406, "Socialinfluence": 0.1, "Technology": 1.0, "Feminism": 0.18584070796460178, "Health": 0.0}}, "Politics": {"ReikiLisol": {"Politics": 1.0, "Socialinfluence": 0.6000000000000001, "Technology": 1.0, "Feminism": 0.18584070796460178, "Health": 0.0}}}